ds,negative,positive,neutral,anger,disgust,fear,joy,sadness,surprise,others
2024-07-14,0.13299794495105743,0.10230796039104462,0.764694094657898,0.0009432110236957669,0.0025755860842764378,0.0029994987417012453,0.011892535723745823,0.0008310471312142909,0.0034964957740157843,0.9772616624832153
