ds,negative,positive,neutral,anger,disgust,fear,joy,sadness,surprise,others
2024-07-16,0.048019859939813614,0.3769383132457733,0.5750418305397034,0.0010498123010620475,0.0070215859450399876,0.019714929163455963,0.009960669092833996,0.0014380350476130843,0.002627434441819787,0.9581874012947083
